Organisme,Chromosome,Sequence,Busco_id,Start,End,Strand
GCF_040412425.1,Chr 11,NC_089746.1,774at6656,58337750.0,58238232.0,-
GCF_040412425.1,Chr 18,NC_089759.1,980at6656,10564874.0,10451694.0,-
GCF_040412425.1,Chr 4,NC_089744.1,997at6656,20121979.0,20139585.0,+
GCF_040412425.1,Chr 49,NC_089773.1,1166at6656,3056288.0,3099746.0,+
GCF_040412425.1,Chr 17,NC_089747.1,1885at6656,833526.0,706779.0,-
GCF_040412425.1,Chr 49,NC_089773.1,1990at6656,5587348.0,5686733.0,+
GCF_040412425.1,Chr 34,NC_089767.1,2148at6656,21142785.0,21058768.0,-
GCF_040412425.1,Chr 8,NC_089752.1,2456at6656,27111427.0,27027925.0,-
GCF_040412425.1,Chr 39,NC_089789.1,2473at6656,8890315.0,8781335.0,-
GCF_040412425.1,Chr 8,NC_089752.1,3310at6656,96200731.0,96129470.0,-
GCF_040412425.1,Chr 11,NC_089746.1,3585at6656,11624369.0,11651062.0,+
GCF_040412425.1,Chr 26,NC_089780.1,3644at6656,14629998.0,14617380.0,-
GCF_040412425.1,Chr 17,NC_089747.1,4136at6656,8282413.0,8316597.0,+
GCF_040412425.1,Chr 13,NC_089748.1,4227at6656,44228829.0,44290788.0,+
GCF_040412425.1,Chr 3,NC_089795.1,4864at6656,26473394.0,26374184.0,-
GCF_040412425.1,Chr 42,NC_089786.1,5277at6656,46276125.0,46338048.0,+
GCF_040412425.1,Chr 2,NC_089750.1,5616at6656,74703002.0,74710968.0,+
GCF_040412425.1,Chr 7,NC_089763.1,6453at6656,22894260.0,22862319.0,-
GCF_040412425.1,Chr 3,NC_089795.1,6563at6656,85913101.0,85934681.0,+
GCF_040412425.1,Chr 32,NC_089794.1,6715at6656,44763404.0,44695863.0,-
GCF_040412425.1,Chr 32,NC_089794.1,6820at6656,19917672.0,19897917.0,-
GCF_040412425.1,Chr 37,NC_089762.1,7210at6656,22137526.0,21978077.0,-
GCF_040412425.1,Chr 5,NC_089754.1,8495at6656,24471335.0,24467532.0,-
GCF_040412425.1,Chr 4,NC_089744.1,8847at6656,65058505.0,65092565.0,+
GCF_040412425.1,Chr 53,NC_089769.1,8913at6656,13881151.0,13869569.0,-
GCF_040412425.1,Chr 10,NC_089749.1,9647at6656,8930946.0,8944192.0,+
GCF_040412425.1,Chr 53,NC_089769.1,9648at6656,16185606.0,16207375.0,+
GCF_040412425.1,Chr 23,NC_089761.1,10240at6656,46775270.0,46885372.0,+
GCF_040412425.1,Chr 46,NC_089776.1,10573at6656,6500315.0,6532588.0,+
GCF_040412425.1,Chr 5,NC_089754.1,11384at6656,30651826.0,30711911.0,+
GCF_040412425.1,Chr 1,NC_089743.1,12029at6656,62229353.0,62308251.0,+
GCF_040412425.1,Chr 27,NC_089768.1,12174at6656,32289578.0,32189869.0,-
GCF_040412425.1,Chr 5,NC_089754.1,12383at6656,33577136.0,33581224.0,+
GCF_040412425.1,Chr 10,NC_089749.1,12771at6656,26633754.0,26630854.0,-
GCF_040412425.1,Chr 25,NC_089766.1,12846at6656,8746400.0,8757326.0,+
GCF_040412425.1,Chr 30,NC_089783.1,13019at6656,43137755.0,43099229.0,-
GCF_040412425.1,Chr 46,NC_089776.1,13051at6656,19745467.0,19713110.0,-
GCF_040412425.1,Chr 8,NC_089752.1,13736at6656,57677326.0,57611666.0,-
GCF_040412425.1,Chr 14,NC_089784.1,13833at6656,29428988.0,29426577.0,-
GCF_040412425.1,Chr 2,NC_089750.1,13858at6656,22719285.0,22721957.0,+
GCF_040412425.1,Chr 4,NC_089744.1,13890at6656,56268832.0,56161030.0,-
GCF_040412425.1,Chr 9,NC_089788.1,13934at6656,35196882.0,35002407.0,-
GCF_040412425.1,Chr 9,NC_089788.1,14090at6656,4604917.0,4591938.0,-
GCF_040412425.1,Chr 27,NC_089768.1,14257at6656,21297983.0,21268979.0,-
GCF_040412425.1,Chr 33,NC_089782.1,14447at6656,24827017.0,24851413.0,+
GCF_040412425.1,Chr 25,NC_089766.1,14995at6656,8570249.0,8558593.0,-
GCF_040412425.1,Chr 55,NC_089797.1,15200at6656,5794872.0,5762078.0,-
GCF_040412425.1,Chr 23,NC_089761.1,15697at6656,21740070.0,21813198.0,+
GCF_040412425.1,Chr 3,NC_089795.1,15905at6656,55500979.0,55425077.0,-
GCF_040412425.1,Chr 31,NC_089741.1,16061at6656,37567435.0,37553664.0,-
GCF_040412425.1,Chr 11,NC_089746.1,16084at6656,47618239.0,47640938.0,+
GCF_040412425.1,Chr 1,NC_089743.1,16220at6656,62749711.0,62776796.0,+
GCF_040412425.1,Chr 19,NC_089790.1,16630at6656,13410487.0,13397141.0,-
GCF_040412425.1,Chr 11,NC_089746.1,16648at6656,39721045.0,39707476.0,-
GCF_040412425.1,Chr 28,NC_089755.1,17122at6656,53460371.0,53445899.0,-
GCF_040412425.1,Chr 28,NC_089755.1,17128at6656,53273486.0,53308983.0,+
GCF_040412425.1,Chr 6,NC_089753.1,17748at6656,10253507.0,10303738.0,+
GCF_040412425.1,Chr 17,NC_089747.1,18036at6656,20253389.0,20102089.0,-
GCF_040412425.1,Chr 36,NC_089758.1,18055at6656,24633332.0,24664936.0,+
GCF_040412425.1,Chr 33,NC_089782.1,18073at6656,20181374.0,20152669.0,-
GCF_040412425.1,Chr 4,NC_089744.1,18630at6656,73869030.0,73851219.0,-
GCF_040412425.1,Chr 31,NC_089741.1,18929at6656,39083341.0,39072938.0,-
GCF_040412425.1,Chr 26,NC_089780.1,19044at6656,27527090.0,27627542.0,+
GCF_040412425.1,Chr 14,NC_089784.1,19058at6656,29918969.0,29889208.0,-
GCF_040412425.1,Chr 28,NC_089755.1,19104at6656,29092025.0,29080540.0,-
GCF_040412425.1,Chr 25,NC_089766.1,19129at6656,48306949.0,48294346.0,-
GCF_040412425.1,Chr 11,NC_089746.1,19208at6656,14474153.0,14456361.0,-
GCF_040412425.1,Chr 3,NC_089795.1,19289at6656,18097280.0,18234813.0,+
GCF_040412425.1,Chr 12,NC_089785.1,19590at6656,23049662.0,23039207.0,-
GCF_040412425.1,Chr 35,NC_089751.1,19760at6656,48201589.0,48173217.0,-
GCF_040412425.1,Chr 4,NC_089744.1,20093at6656,32228073.0,32054536.0,-
GCF_040412425.1,Chr 53,NC_089769.1,20162at6656,5270946.0,5381228.0,+
GCF_040412425.1,Chr 12,NC_089785.1,20267at6656,32869608.0,32822960.0,-
GCF_040412425.1,Chr 10,NC_089749.1,20935at6656,8897692.0,8908685.0,+
GCF_040412425.1,Chr 22,NC_089742.1,20936at6656,70592661.0,70529233.0,-
GCF_040412425.1,Chr 2,NC_089750.1,21019at6656,52964723.0,52952167.0,-
GCF_040412425.1,Chr 12,NC_089785.1,21361at6656,20714790.0,20726172.0,+
GCF_040412425.1,Chr 22,NC_089742.1,21367at6656,37237614.0,37216477.0,-
GCF_040412425.1,Chr 16,NC_089777.1,22098at6656,17882953.0,17872681.0,-
GCF_040412425.1,Chr 13,NC_089748.1,22148at6656,55466173.0,55497187.0,+
GCF_040412425.1,Chr 1,NC_089743.1,22358at6656,88349236.0,88302240.0,-
GCF_040412425.1,Chr 14,NC_089784.1,22364at6656,38447292.0,38366958.0,-
GCF_040412425.1,Chr 35,NC_089751.1,22468at6656,17020777.0,17133614.0,+
GCF_040412425.1,Chr 15,NC_089745.1,22611at6656,61717247.0,61814707.0,+
GCF_040412425.1,Chr 7,NC_089763.1,22887at6656,61467094.0,61915953.0,+
GCF_040412425.1,Chr 17,NC_089747.1,23309at6656,31670677.0,31558510.0,-
GCF_040412425.1,Chr 43,NC_089779.1,23388at6656,12756447.0,12777810.0,+
GCF_040412425.1,Chr 2,NC_089750.1,23429at6656,66595791.0,66600936.0,+
GCF_040412425.1,Chr 7,NC_089763.1,23917at6656,20036425.0,19995553.0,-
GCF_040412425.1,Chr 30,NC_089783.1,24255at6656,32160355.0,32118745.0,-
GCF_040412425.1,Chr 56,NC_089764.1,24427at6656,30907822.0,30887400.0,-
GCF_040412425.1,Chr 26,NC_089780.1,24459at6656,18607786.0,18615728.0,+
GCF_040412425.1,Chr 1,NC_089743.1,24573at6656,54988019.0,54946132.0,-
GCF_040412425.1,Chr 11,NC_089746.1,25554at6656,43326118.0,43338032.0,+
GCF_040412425.1,Chr 29,NC_089760.1,25680at6656,15333871.0,15282695.0,-
GCF_040412425.1,Chr 6,NC_089753.1,26078at6656,21572366.0,21556741.0,-
GCF_040412425.1,Chr 36,NC_089758.1,26653at6656,2014285.0,2016111.0,+
GCF_040412425.1,Chr 30,NC_089783.1,26734at6656,53734461.0,53759214.0,+
GCF_040412425.1,Chr 38,NC_089781.1,27198at6656,38015812.0,38209859.0,+
GCF_040412425.1,Chr 15,NC_089745.1,27515at6656,10188652.0,10200048.0,+
GCF_040412425.1,Chr 26,NC_089780.1,27617at6656,32402972.0,32210685.0,-
GCF_040412425.1,Chr 16,NC_089777.1,27655at6656,12852858.0,12904496.0,+
GCF_040412425.1,Chr 3,NC_089795.1,28325at6656,35918649.0,35972295.0,+
GCF_040412425.1,Chr 3,NC_089795.1,28380at6656,80301706.0,80241345.0,-
GCF_040412425.1,Chr 32,NC_089794.1,28519at6656,36895097.0,36880010.0,-
GCF_040412425.1,Chr 23,NC_089761.1,28685at6656,13971112.0,13848641.0,-
GCF_040412425.1,Chr 9,NC_089788.1,28872at6656,69711545.0,69686087.0,-
GCF_040412425.1,Chr 33,NC_089782.1,29213at6656,32272872.0,32251133.0,-
GCF_040412425.1,Chr 48,NC_089787.1,29237at6656,25533841.0,25547941.0,+
GCF_040412425.1,Chr 7,NC_089763.1,29365at6656,52570270.0,52513989.0,-
GCF_040412425.1,Chr 49,NC_089773.1,29730at6656,8977334.0,8972556.0,-
GCF_040412425.1,Chr 5,NC_089754.1,29744at6656,13627961.0,13746530.0,+
GCF_040412425.1,Chr 47,NC_089799.1,30156at6656,7066274.0,7095966.0,+
GCF_040412425.1,Chr 32,NC_089794.1,30184at6656,29055487.0,29066242.0,+
GCF_040412425.1,Chr 17,NC_089747.1,30267at6656,39864035.0,39842654.0,-
GCF_040412425.1,Chr 42,NC_089786.1,30463at6656,2458760.0,2470155.0,+
GCF_040412425.1,Chr 10,NC_089749.1,30512at6656,22977724.0,23006339.0,+
GCF_040412425.1,Chr 8,NC_089752.1,30526at6656,65711922.0,65607882.0,-
GCF_040412425.1,Chr 31,NC_089741.1,30642at6656,18469820.0,18484976.0,+
GCF_040412425.1,Chr 27,NC_089768.1,30822at6656,29930688.0,29912584.0,-
GCF_040412425.1,Chr 25,NC_089766.1,30918at6656,49809295.0,49858378.0,+
GCF_040412425.1,Chr 38,NC_089781.1,31014at6656,24705608.0,24709267.0,+
GCF_040412425.1,Chr 5,NC_089754.1,31196at6656,54928101.0,55001603.0,+
GCF_040412425.1,Chr 14,NC_089784.1,31333at6656,526117.0,505616.0,-
GCF_040412425.1,Chr 43,NC_089779.1,31480at6656,18920596.0,18957383.0,+
GCF_040412425.1,Chr 39,NC_089789.1,31615at6656,8922010.0,8897168.0,-
GCF_040412425.1,Chr 1,NC_089743.1,31634at6656,5290895.0,5227114.0,-
GCF_040412425.1,Chr 45,NC_089770.1,31820at6656,2175800.0,2171991.0,-
GCF_040412425.1,Chr 51,NC_089792.1,31886at6656,2629018.0,2612504.0,-
GCF_040412425.1,Chr 11,NC_089746.1,31919at6656,62556192.0,62611700.0,+
GCF_040412425.1,Chr 22,NC_089742.1,32694at6656,38415571.0,38399438.0,-
GCF_040412425.1,Chr 33,NC_089782.1,32733at6656,33456641.0,33463552.0,+
GCF_040412425.1,Chr 45,NC_089770.1,32851at6656,14589326.0,14566448.0,-
GCF_040412425.1,Chr 34,NC_089767.1,33187at6656,40807564.0,40800527.0,-
GCF_040412425.1,Chr 26,NC_089780.1,33566at6656,4985438.0,4876595.0,-
GCF_040412425.1,Chr 41,NC_089775.1,33794at6656,3598291.0,3613517.0,+
GCF_040412425.1,Chr 33,NC_089782.1,34586at6656,55834235.0,55639972.0,-
GCF_040412425.1,Chr 7,NC_089763.1,34917at6656,14649286.0,14714882.0,+
GCF_040412425.1,Chr 35,NC_089751.1,35548at6656,5155252.0,5167077.0,+
GCF_040412425.1,Chr 9,NC_089788.1,35680at6656,8057206.0,8045336.0,-
GCF_040412425.1,Chr 30,NC_089783.1,35995at6656,33442125.0,33426657.0,-
GCF_040412425.1,Chr 13,NC_089748.1,36374at6656,57185965.0,57141047.0,-
GCF_040412425.1,Chr 30,NC_089783.1,36387at6656,50159342.0,50183123.0,+
GCF_040412425.1,Chr 7,NC_089763.1,36403at6656,43027189.0,42992488.0,-
GCF_040412425.1,Chr 16,NC_089777.1,36463at6656,23169433.0,23162912.0,-
GCF_040412425.1,Chr 40,NC_089765.1,37030at6656,19215392.0,19203803.0,-
GCF_040412425.1,Chr 14,NC_089784.1,37297at6656,40007153.0,40134949.0,+
GCF_040412425.1,Chr 13,NC_089748.1,37387at6656,52076775.0,52009155.0,-
GCF_040412425.1,Chr 4,NC_089744.1,37678at6656,35364837.0,35325901.0,-
GCF_040412425.1,Chr 51,NC_089792.1,38140at6656,27616473.0,27691741.0,+
GCF_040412425.1,Chr 46,NC_089776.1,38186at6656,17786911.0,17853729.0,+
GCF_040412425.1,Chr 3,NC_089795.1,38303at6656,36447463.0,36434205.0,-
GCF_040412425.1,Chr 17,NC_089747.1,38391at6656,29493828.0,29589061.0,+
GCF_040412425.1,Chr 19,NC_089790.1,38567at6656,31183070.0,31117421.0,-
GCF_040412425.1,Chr 11,NC_089746.1,38819at6656,32848897.0,32889604.0,+
GCF_040412425.1,Chr 8,NC_089752.1,38928at6656,29369025.0,29325138.0,-
GCF_040412425.1,Chr 45,NC_089770.1,39506at6656,9970013.0,9979102.0,+
GCF_040412425.1,Chr 33,NC_089782.1,39548at6656,44891283.0,44904061.0,+
GCF_040412425.1,Chr 37,NC_089762.1,39783at6656,42541426.0,42552473.0,+
GCF_040412425.1,Chr 27,NC_089768.1,39809at6656,25332197.0,25321720.0,-
GCF_040412425.1,Chr 34,NC_089767.1,39821at6656,30176472.0,30046585.0,-
GCF_040412425.1,Chr 17,NC_089747.1,40065at6656,25641696.0,25690205.0,+
GCF_040412425.1,Chr 1,NC_089743.1,40092at6656,29806263.0,29752284.0,-
GCF_040412425.1,Chr 43,NC_089779.1,40213at6656,17851790.0,17874162.0,+
GCF_040412425.1,Chr 9,NC_089788.1,40240at6656,59516972.0,59539113.0,+
GCF_040412425.1,Chr 43,NC_089779.1,40319at6656,9903400.0,9862808.0,-
GCF_040412425.1,Chr 2,NC_089750.1,40323at6656,76342317.0,76366738.0,+
GCF_040412425.1,Chr 56,NC_089764.1,40399at6656,32917650.0,32956343.0,+
GCF_040412425.1,Chr 17,NC_089747.1,40691at6656,39441681.0,39459495.0,+
GCF_040412425.1,Chr 15,NC_089745.1,40929at6656,38541959.0,38519216.0,-
GCF_040412425.1,Chr 9,NC_089788.1,41522at6656,62525227.0,62471745.0,-
GCF_040412425.1,Chr 12,NC_089785.1,42622at6656,20745356.0,20734969.0,-
GCF_040412425.1,Chr 1,NC_089743.1,42819at6656,61064560.0,61172972.0,+
GCF_040412425.1,Chr 4,NC_089744.1,42943at6656,9190230.0,9214613.0,+
GCF_040412425.1,Chr 45,NC_089770.1,42992at6656,14895141.0,14878321.0,-
GCF_040412425.1,Chr 1,NC_089743.1,43045at6656,69245852.0,69289177.0,+
GCF_040412425.1,Chr 46,NC_089776.1,43236at6656,14158519.0,14139025.0,-
GCF_040412425.1,Chr 4,NC_089744.1,43245at6656,30220376.0,30148435.0,-
GCF_040412425.1,Chr 20,NC_089796.1,43540at6656,24769664.0,24823182.0,+
GCF_040412425.1,Chr 34,NC_089767.1,43728at6656,40752025.0,40729453.0,-
GCF_040412425.1,Chr 18,NC_089759.1,43774at6656,17203794.0,17226113.0,+
GCF_040412425.1,Chr 41,NC_089775.1,44001at6656,2200843.0,2203767.0,+
GCF_040412425.1,Chr 11,NC_089746.1,44123at6656,25918516.0,25891643.0,-
GCF_040412425.1,Chr 12,NC_089785.1,44359at6656,20692299.0,20679998.0,-
GCF_040412425.1,Chr 4,NC_089744.1,44389at6656,64320914.0,64233318.0,-
GCF_040412425.1,Chr 12,NC_089785.1,44504at6656,32917582.0,32979789.0,+
GCF_040412425.1,Chr 3,NC_089795.1,44630at6656,36238766.0,36289086.0,+
GCF_040412425.1,Chr 12,NC_089785.1,44694at6656,32241431.0,32220727.0,-
GCF_040412425.1,Chr 18,NC_089759.1,44953at6656,6581501.0,6615344.0,+
GCF_040412425.1,Chr 59,NW_027100729.1,45367at6656,688828.0,708948.0,+
GCF_040412425.1,Chr 1,NC_089743.1,45528at6656,77035535.0,76962674.0,-
GCF_040412425.1,Chr 1,NC_089743.1,45556at6656,16812996.0,16833464.0,+
GCF_040412425.1,Chr 44,NC_089793.1,45732at6656,16250664.0,16260580.0,+
GCF_040412425.1,Chr 5,NC_089754.1,45915at6656,46780117.0,46792492.0,+
GCF_040412425.1,Chr 20,NC_089796.1,46430at6656,7267722.0,7248522.0,-
GCF_040412425.1,Chr 3,NC_089795.1,46437at6656,32980686.0,32943020.0,-
GCF_040412425.1,Chr 13,NC_089748.1,46671at6656,33289363.0,33274628.0,-
GCF_040412425.1,Chr 15,NC_089745.1,46679at6656,20660658.0,20580898.0,-
GCF_040412425.1,Chr 9,NC_089788.1,46692at6656,40628489.0,40919529.0,+
GCF_040412425.1,Chr 21,NC_089756.1,46750at6656,27719752.0,27690273.0,-
GCF_040412425.1,Chr 4,NC_089744.1,46960at6656,29732291.0,29780680.0,+
GCF_040412425.1,Chr 15,NC_089745.1,47270at6656,52875942.0,52894553.0,+
GCF_040412425.1,Chr 6,NC_089753.1,47443at6656,21733141.0,21722882.0,-
GCF_040412425.1,Chr 18,NC_089759.1,47495at6656,22563460.0,22548489.0,-
GCF_040412425.1,Chr 25,NC_089766.1,47967at6656,15113095.0,15092629.0,-
GCF_040412425.1,Chr 7,NC_089763.1,48195at6656,14541762.0,14527576.0,-
GCF_040412425.1,Chr 17,NC_089747.1,48466at6656,34233608.0,34328928.0,+
GCF_040412425.1,Chr 27,NC_089768.1,48519at6656,8048241.0,7963535.0,-
GCF_040412425.1,Chr 18,NC_089759.1,48657at6656,25755373.0,25728623.0,-
GCF_040412425.1,Chr 7,NC_089763.1,48836at6656,45470429.0,45454218.0,-
GCF_040412425.1,Chr 3,NC_089795.1,49070at6656,53060375.0,53119842.0,+
GCF_040412425.1,Chr 58,NW_027100732.1,49936at6656,269967.0,294480.0,+
GCF_040412425.1,Chr 30,NC_089783.1,50493at6656,43186342.0,43184198.0,-
GCF_040412425.1,Chr 44,NC_089793.1,50740at6656,16283946.0,16308342.0,+
GCF_040412425.1,Chr 15,NC_089745.1,50947at6656,40544335.0,40533362.0,-
GCF_040412425.1,Chr 3,NC_089795.1,51037at6656,78096126.0,78081362.0,-
GCF_040412425.1,Chr 1,NC_089743.1,51280at6656,92029565.0,92032942.0,+
GCF_040412425.1,Chr 18,NC_089759.1,51364at6656,22947897.0,22931986.0,-
GCF_040412425.1,Chr 29,NC_089760.1,52210at6656,4384696.0,4366874.0,-
GCF_040412425.1,Chr 1,NC_089743.1,52224at6656,62437499.0,62531477.0,+
GCF_040412425.1,Chr 26,NC_089780.1,52320at6656,5268213.0,5217797.0,-
GCF_040412425.1,Chr 14,NC_089784.1,52422at6656,24790481.0,24801632.0,+
GCF_040412425.1,Chr 14,NC_089784.1,52643at6656,36178416.0,36092632.0,-
GCF_040412425.1,Chr 13,NC_089748.1,52828at6656,33993937.0,33981833.0,-
GCF_040412425.1,Chr 20,NC_089796.1,53201at6656,4620337.0,4606175.0,-
GCF_040412425.1,Chr 6,NC_089753.1,53243at6656,11896380.0,11865499.0,-
GCF_040412425.1,Chr 36,NC_089758.1,53298at6656,304128.0,462770.0,+
GCF_040412425.1,Chr 42,NC_089786.1,53318at6656,9183081.0,9165522.0,-
GCF_040412425.1,Chr 21,NC_089756.1,53993at6656,13886367.0,13887482.0,+
GCF_040412425.1,Chr 57,NC_089774.1,54236at6656,6743827.0,6749763.0,+
GCF_040412425.1,Chr 23,NC_089761.1,54527at6656,60913421.0,61003411.0,+
GCF_040412425.1,Chr 21,NC_089756.1,54679at6656,9625638.0,9724028.0,+
GCF_040412425.1,Chr 5,NC_089754.1,55036at6656,45507071.0,45489703.0,-
GCF_040412425.1,Chr 29,NC_089760.1,55108at6656,21227243.0,21193328.0,-
GCF_040412425.1,Chr 38,NC_089781.1,55260at6656,91910206.0,91899368.0,-
GCF_040412425.1,Chr 1,NC_089743.1,55417at6656,60698416.0,60567268.0,-
GCF_040412425.1,Chr 41,NC_089775.1,55450at6656,4149029.0,4154851.0,+
GCF_040412425.1,Chr 53,NC_089769.1,55599at6656,5866042.0,5855263.0,-
GCF_040412425.1,Chr 14,NC_089784.1,55847at6656,12358054.0,12391854.0,+
GCF_040412425.1,Chr 9,NC_089788.1,55953at6656,73682180.0,73725481.0,+
GCF_040412425.1,Chr 18,NC_089759.1,56010at6656,22913222.0,22890078.0,-
GCF_040412425.1,Chr 26,NC_089780.1,56449at6656,6907387.0,6938870.0,+
GCF_040412425.1,Chr 35,NC_089751.1,56523at6656,25858817.0,25908128.0,+
GCF_040412425.1,Chr 1,NC_089743.1,56687at6656,9440416.0,9398231.0,-
GCF_040412425.1,Chr 52,NC_089772.1,56836at6656,11604529.0,11617019.0,+
GCF_040412425.1,Chr 21,NC_089756.1,57262at6656,39927005.0,39924183.0,-
GCF_040412425.1,Chr 22,NC_089742.1,57605at6656,34805802.0,34813537.0,+
GCF_040412425.1,Chr 32,NC_089794.1,57624at6656,22298334.0,22307037.0,+
GCF_040412425.1,Chr 33,NC_089782.1,57932at6656,28495949.0,28494225.0,-
GCF_040412425.1,Chr 9,NC_089788.1,58012at6656,4627274.0,4614127.0,-
GCF_040412425.1,Chr 29,NC_089760.1,58027at6656,37980586.0,37964355.0,-
GCF_040412425.1,Chr 1,NC_089743.1,58110at6656,70087362.0,70106991.0,+
GCF_040412425.1,Chr 58,NW_027100732.1,58119at6656,1161527.0,1138048.0,-
GCF_040412425.1,Chr 14,NC_089784.1,58276at6656,19553582.0,19531295.0,-
GCF_040412425.1,Chr 19,NC_089790.1,59084at6656,10047883.0,10036623.0,-
GCF_040412425.1,Chr 10,NC_089749.1,59197at6656,9761359.0,9793368.0,+
GCF_040412425.1,Chr 17,NC_089747.1,59226at6656,12361806.0,12381577.0,+
GCF_040412425.1,Chr 36,NC_089758.1,59393at6656,6492861.0,6469409.0,-
GCF_040412425.1,Chr 6,NC_089753.1,59430at6656,23752570.0,23760156.0,+
GCF_040412425.1,Chr 1,NC_089743.1,59681at6656,8933778.0,9101132.0,+
GCF_040412425.1,Chr 55,NC_089797.1,59833at6656,7242516.0,7247525.0,+
GCF_040412425.1,Chr 19,NC_089790.1,60067at6656,6849588.0,6860618.0,+
GCF_040412425.1,Chr 4,NC_089744.1,60299at6656,33685814.0,33634184.0,-
GCF_040412425.1,Chr 11,NC_089746.1,60333at6656,7502124.0,7542992.0,+
GCF_040412425.1,Chr 16,NC_089777.1,60356at6656,27872323.0,27839963.0,-
GCF_040412425.1,Chr 26,NC_089780.1,60468at6656,26233529.0,26298142.0,+
GCF_040412425.1,Chr 3,NC_089795.1,60682at6656,79386489.0,79379004.0,-
GCF_040412425.1,Chr 7,NC_089763.1,60729at6656,3541134.0,3425257.0,-
GCF_040412425.1,Chr 4,NC_089744.1,60762at6656,42480965.0,42467572.0,-
GCF_040412425.1,Chr 2,NC_089750.1,61081at6656,22304863.0,22358758.0,+
GCF_040412425.1,Chr 51,NC_089792.1,61096at6656,18286081.0,18270563.0,-
GCF_040412425.1,Chr 21,NC_089756.1,61153at6656,48861291.0,48829032.0,-
GCF_040412425.1,Chr 8,NC_089752.1,61261at6656,5651736.0,5632761.0,-
GCF_040412425.1,Chr 10,NC_089749.1,61577at6656,22342640.0,22335733.0,-
GCF_040412425.1,Chr 10,NC_089749.1,61612at6656,14952169.0,14966086.0,+
GCF_040412425.1,Chr 41,NC_089775.1,62275at6656,3061732.0,3070789.0,+
GCF_040412425.1,Chr 5,NC_089754.1,62580at6656,26959729.0,26912997.0,-
GCF_040412425.1,Chr 12,NC_089785.1,62678at6656,22805913.0,22810400.0,+
GCF_040412425.1,Chr 4,NC_089744.1,62914at6656,31181115.0,31324970.0,+
GCF_040412425.1,Chr 18,NC_089759.1,62979at6656,6425316.0,6375154.0,-
GCF_040412425.1,Chr 1,NC_089743.1,63193at6656,25216967.0,25215711.0,-
GCF_040412425.1,Chr 50,NC_089757.1,63228at6656,40140240.0,40009137.0,-
GCF_040412425.1,Chr 38,NC_089781.1,63461at6656,89350146.0,89346094.0,-
GCF_040412425.1,Chr 17,NC_089747.1,63923at6656,11600557.0,11616830.0,+
GCF_040412425.1,Chr 57,NC_089774.1,63924at6656,4800860.0,4816379.0,+
GCF_040412425.1,Chr 18,NC_089759.1,64046at6656,18807446.0,18827327.0,+
GCF_040412425.1,Chr 25,NC_089766.1,64896at6656,48261809.0,48245543.0,-
GCF_040412425.1,Chr 5,NC_089754.1,65490at6656,19477741.0,19506037.0,+
GCF_040412425.1,Chr 18,NC_089759.1,65508at6656,10412529.0,10431597.0,+
GCF_040412425.1,Chr 22,NC_089742.1,65532at6656,40439463.0,40476781.0,+
GCF_040412425.1,Chr 4,NC_089744.1,65949at6656,33784914.0,33835486.0,+
GCF_040412425.1,Chr 40,NC_089765.1,66028at6656,19456369.0,19462228.0,+
GCF_040412425.1,Chr 5,NC_089754.1,66366at6656,24027048.0,24073764.0,+
GCF_040412425.1,Chr 53,NC_089769.1,66597at6656,4267166.0,4251450.0,-
GCF_040412425.1,Chr 20,NC_089796.1,67113at6656,57801470.0,57738624.0,-
GCF_040412425.1,Chr 15,NC_089745.1,67166at6656,43166765.0,43134603.0,-
GCF_040412425.1,Chr 39,NC_089789.1,67191at6656,24365622.0,24337940.0,-
GCF_040412425.1,Chr 3,NC_089795.1,67491at6656,30584484.0,30508088.0,-
GCF_040412425.1,Chr 18,NC_089759.1,67583at6656,21391822.0,21397158.0,+
GCF_040412425.1,Chr 21,NC_089756.1,67710at6656,38947669.0,38935089.0,-
GCF_040412425.1,Chr 7,NC_089763.1,68468at6656,42053082.0,42061462.0,+
GCF_040412425.1,Chr 36,NC_089758.1,68491at6656,2542799.0,2638596.0,+
GCF_040412425.1,Chr 18,NC_089759.1,68731at6656,22866138.0,22887011.0,+
GCF_040412425.1,Chr 12,NC_089785.1,68876at6656,30731765.0,30737935.0,+
GCF_040412425.1,Chr 7,NC_089763.1,68939at6656,15119970.0,15129393.0,+
GCF_040412425.1,Chr 29,NC_089760.1,68961at6656,47296929.0,47299429.0,+
GCF_040412425.1,Chr 32,NC_089794.1,68981at6656,22405552.0,22412119.0,+
GCF_040412425.1,Chr 9,NC_089788.1,68987at6656,8394423.0,8376931.0,-
GCF_040412425.1,Chr 1,NC_089743.1,69201at6656,835450.0,1217878.0,+
GCF_040412425.1,Chr 15,NC_089745.1,69238at6656,14029001.0,14020921.0,-
GCF_040412425.1,Chr 6,NC_089753.1,69284at6656,6306727.0,6361554.0,+
GCF_040412425.1,Chr 9,NC_089788.1,69394at6656,65584785.0,65572972.0,-
GCF_040412425.1,Chr 23,NC_089761.1,69403at6656,33962110.0,33973820.0,+
GCF_040412425.1,Chr 6,NC_089753.1,69742at6656,28581141.0,28589189.0,+
GCF_040412425.1,Chr 14,NC_089784.1,69897at6656,30652571.0,30642048.0,-
GCF_040412425.1,Chr 45,NC_089770.1,70078at6656,11144579.0,11138456.0,-
GCF_040412425.1,Chr 17,NC_089747.1,70201at6656,15451364.0,15444922.0,-
GCF_040412425.1,Chr 1,NC_089743.1,70550at6656,10531665.0,10486882.0,-
GCF_040412425.1,Chr 10,NC_089749.1,70663at6656,22718343.0,22695029.0,-
GCF_040412425.1,Chr 43,NC_089779.1,71018at6656,16054313.0,16051030.0,-
GCF_040412425.1,Chr 45,NC_089770.1,71110at6656,18431812.0,18420238.0,-
GCF_040412425.1,Chr 8,NC_089752.1,71129at6656,103125443.0,103027899.0,-
GCF_040412425.1,Chr 8,NC_089752.1,71199at6656,33889887.0,33954434.0,+
GCF_040412425.1,Chr 10,NC_089749.1,71230at6656,58365225.0,58354928.0,-
GCF_040412425.1,Chr 2,NC_089750.1,71251at6656,75097159.0,75093500.0,-
GCF_040412425.1,Chr 7,NC_089763.1,71483at6656,33745415.0,33751110.0,+
GCF_040412425.1,Chr 10,NC_089749.1,71937at6656,44627771.0,44595384.0,-
GCF_040412425.1,Chr 11,NC_089746.1,72450at6656,2716378.0,2276223.0,-
GCF_040412425.1,Chr 12,NC_089785.1,72578at6656,23741319.0,23735104.0,-
GCF_040412425.1,Chr 21,NC_089756.1,72583at6656,43027043.0,43036847.0,+
GCF_040412425.1,Chr 7,NC_089763.1,72586at6656,31639603.0,31644498.0,+
GCF_040412425.1,Chr 24,NC_089791.1,72782at6656,35965281.0,35941188.0,-
GCF_040412425.1,Chr 7,NC_089763.1,72857at6656,14791961.0,14794690.0,+
GCF_040412425.1,Chr 44,NC_089793.1,73084at6656,3588595.0,3595709.0,+
GCF_040412425.1,Chr 39,NC_089789.1,73301at6656,9106586.0,9143191.0,+
GCF_040412425.1,Chr 4,NC_089744.1,73455at6656,33067135.0,33117691.0,+
GCF_040412425.1,Chr 32,NC_089794.1,73456at6656,36637439.0,36606032.0,-
GCF_040412425.1,Chr 7,NC_089763.1,74384at6656,1780685.0,1781851.0,+
GCF_040412425.1,Chr 9,NC_089788.1,74655at6656,73767436.0,73780470.0,+
GCF_040412425.1,Chr 17,NC_089747.1,74692at6656,30699442.0,30652441.0,-
GCF_040412425.1,Chr 48,NC_089787.1,74836at6656,26325966.0,26317012.0,-
GCF_040412425.1,Chr 34,NC_089767.1,75692at6656,33732246.0,33738830.0,+
GCF_040412425.1,Chr 3,NC_089795.1,75704at6656,66096676.0,65973633.0,-
GCF_040412425.1,Chr 2,NC_089750.1,75764at6656,31571638.0,31379195.0,-
GCF_040412425.1,Chr 7,NC_089763.1,75982at6656,10623479.0,10644958.0,+
GCF_040412425.1,Chr 27,NC_089768.1,76308at6656,32903260.0,32895627.0,-
GCF_040412425.1,Chr 4,NC_089744.1,76342at6656,35296534.0,35325365.0,+
GCF_040412425.1,Chr 20,NC_089796.1,76573at6656,224694.0,215017.0,-
GCF_040412425.1,Chr 6,NC_089753.1,76745at6656,20359892.0,20355077.0,-
GCF_040412425.1,Chr 55,NC_089797.1,76812at6656,7979753.0,7956244.0,-
GCF_040412425.1,Chr 11,NC_089746.1,77197at6656,9538611.0,9477963.0,-
GCF_040412425.1,Chr 7,NC_089763.1,77688at6656,11158838.0,11100457.0,-
GCF_040412425.1,Chr 15,NC_089745.1,77770at6656,40560739.0,40574393.0,+
GCF_040412425.1,Chr 20,NC_089796.1,77883at6656,78308565.0,78298053.0,-
GCF_040412425.1,Chr 27,NC_089768.1,77976at6656,8264715.0,8252073.0,-
GCF_040412425.1,Chr 25,NC_089766.1,77987at6656,1461471.0,1456416.0,-
GCF_040412425.1,Chr 12,NC_089785.1,78110at6656,20501312.0,20493946.0,-
GCF_040412425.1,Chr 13,NC_089748.1,78202at6656,45287035.0,45275733.0,-
GCF_040412425.1,Chr 2,NC_089750.1,78254at6656,6049261.0,6041028.0,-
GCF_040412425.1,Chr 28,NC_089755.1,78695at6656,44840209.0,44846669.0,+
GCF_040412425.1,Chr 39,NC_089789.1,78777at6656,23858105.0,23881503.0,+
GCF_040412425.1,Chr 46,NC_089776.1,78844at6656,5470780.0,5455661.0,-
GCF_040412425.1,Chr 16,NC_089777.1,78854at6656,1297959.0,1117253.0,-
GCF_040412425.1,Chr 25,NC_089766.1,78919at6656,8735592.0,8738111.0,+
GCF_040412425.1,Chr 28,NC_089755.1,78921at6656,23646954.0,23551970.0,-
GCF_040412425.1,Chr 39,NC_089789.1,78947at6656,30722773.0,30736183.0,+
GCF_040412425.1,Chr 1,NC_089743.1,78968at6656,91750373.0,91751518.0,+
GCF_040412425.1,Chr 5,NC_089754.1,79241at6656,38605697.0,38612335.0,+
GCF_040412425.1,Chr 6,NC_089753.1,79377at6656,19984217.0,19948690.0,-
GCF_040412425.1,Chr 21,NC_089756.1,79915at6656,29746387.0,29754823.0,+
GCF_040412425.1,Chr 13,NC_089748.1,79993at6656,12374863.0,12400613.0,+
GCF_040412425.1,Chr 41,NC_089775.1,80067at6656,3828312.0,3820688.0,-
GCF_040412425.1,Chr 38,NC_089781.1,80294at6656,9467947.0,9433062.0,-
GCF_040412425.1,Chr 8,NC_089752.1,80317at6656,5219809.0,5230574.0,+
GCF_040412425.1,Chr 8,NC_089752.1,80348at6656,97962366.0,98148448.0,+
GCF_040412425.1,Chr 34,NC_089767.1,80689at6656,37165642.0,37159670.0,-
GCF_040412425.1,Chr 4,NC_089744.1,80693at6656,41595915.0,41732332.0,+
GCF_040412425.1,Chr 38,NC_089781.1,80948at6656,37950840.0,37752879.0,-
GCF_040412425.1,Chr 2,NC_089750.1,81292at6656,14360223.0,14369536.0,+
GCF_040412425.1,Chr 5,NC_089754.1,81307at6656,47896476.0,47878576.0,-
GCF_040412425.1,Chr 39,NC_089789.1,81406at6656,30881222.0,30864562.0,-
GCF_040412425.1,Chr 33,NC_089782.1,81413at6656,19536230.0,19545928.0,+
GCF_040412425.1,Chr 5,NC_089754.1,81423at6656,14735789.0,14800968.0,+
GCF_040412425.1,Chr 11,NC_089746.1,81650at6656,50923355.0,50915448.0,-
GCF_040412425.1,Chr 31,NC_089741.1,81703at6656,41762600.0,41753381.0,-
GCF_040412425.1,Chr 48,NC_089787.1,81708at6656,32076542.0,32062487.0,-
GCF_040412425.1,Chr 37,NC_089762.1,81919at6656,34316483.0,34300658.0,-
GCF_040412425.1,Chr 12,NC_089785.1,81950at6656,18182031.0,18160204.0,-
GCF_040412425.1,Chr 18,NC_089759.1,83102at6656,6882547.0,6938808.0,+
GCF_040412425.1,Chr 46,NC_089776.1,83164at6656,26907263.0,26928415.0,+
GCF_040412425.1,Chr 11,NC_089746.1,83303at6656,23423195.0,23387617.0,-
GCF_040412425.1,Chr 32,NC_089794.1,83350at6656,38873720.0,38844721.0,-
GCF_040412425.1,Chr 32,NC_089794.1,83372at6656,38793881.0,38818756.0,+
GCF_040412425.1,Chr 31,NC_089741.1,83376at6656,55361525.0,55321723.0,-
GCF_040412425.1,Chr 30,NC_089783.1,83613at6656,50129102.0,50128077.0,-
GCF_040412425.1,Chr 1,NC_089743.1,83673at6656,91729662.0,91719755.0,-
GCF_040412425.1,Chr 29,NC_089760.1,83765at6656,29594759.0,29610569.0,+
GCF_040412425.1,Chr 49,NC_089773.1,84028at6656,13516531.0,13524964.0,+
GCF_040412425.1,Chr 7,NC_089763.1,84097at6656,52286503.0,52364104.0,+
GCF_040412425.1,Chr 51,NC_089792.1,84149at6656,17130746.0,17118468.0,-
GCF_040412425.1,Chr 8,NC_089752.1,84169at6656,27228670.0,27285740.0,+
GCF_040412425.1,Chr 15,NC_089745.1,84422at6656,2692688.0,2683779.0,-
GCF_040412425.1,Chr 28,NC_089755.1,84576at6656,33403684.0,33398999.0,-
GCF_040412425.1,Chr 8,NC_089752.1,84819at6656,66548258.0,66665540.0,+
GCF_040412425.1,Chr 33,NC_089782.1,84925at6656,18444397.0,18443384.0,-
GCF_040412425.1,Chr 5,NC_089754.1,85103at6656,25060183.0,25030056.0,-
GCF_040412425.1,Chr 32,NC_089794.1,85574at6656,40624010.0,40625305.0,+
GCF_040412425.1,Chr 19,NC_089790.1,85680at6656,23739751.0,23817709.0,+
GCF_040412425.1,Chr 46,NC_089776.1,85810at6656,5194786.0,5424203.0,+
GCF_040412425.1,Chr 47,NC_089799.1,86318at6656,24267851.0,24245221.0,-
GCF_040412425.1,Chr 8,NC_089752.1,86488at6656,113196693.0,113189643.0,-
GCF_040412425.1,Chr 44,NC_089793.1,86654at6656,7321515.0,7319914.0,-
GCF_040412425.1,Chr 20,NC_089796.1,86889at6656,10119769.0,10141369.0,+
GCF_040412425.1,Chr 13,NC_089748.1,86930at6656,39415494.0,39403316.0,-
GCF_040412425.1,Chr 6,NC_089753.1,87014at6656,30847625.0,30858413.0,+
GCF_040412425.1,Chr 4,NC_089744.1,87089at6656,82875395.0,83013528.0,+
GCF_040412425.1,Chr 13,NC_089748.1,87103at6656,36809870.0,36824410.0,+
GCF_040412425.1,Chr 2,NC_089750.1,87114at6656,9154920.0,9153139.0,-
GCF_040412425.1,Chr 2,NC_089750.1,87139at6656,52291726.0,52257975.0,-
GCF_040412425.1,Chr 52,NC_089772.1,87142at6656,290035.0,350619.0,+
GCF_040412425.1,Chr 24,NC_089791.1,87527at6656,54760195.0,54778176.0,+
GCF_040412425.1,Chr 33,NC_089782.1,87575at6656,43207450.0,43213955.0,+
GCF_040412425.1,Chr 13,NC_089748.1,87728at6656,45519849.0,45523704.0,+
GCF_040412425.1,Chr 37,NC_089762.1,87910at6656,31581068.0,31598486.0,+
GCF_040412425.1,Chr 20,NC_089796.1,87928at6656,11779709.0,11758546.0,-
GCF_040412425.1,Chr 45,NC_089770.1,87933at6656,4877790.0,4883142.0,+
GCF_040412425.1,Chr 11,NC_089746.1,88051at6656,42914384.0,42961676.0,+
GCF_040412425.1,Chr 27,NC_089768.1,88711at6656,13091403.0,13117156.0,+
GCF_040412425.1,Chr 52,NC_089772.1,89064at6656,9570662.0,9560727.0,-
GCF_040412425.1,Chr 37,NC_089762.1,89153at6656,20410779.0,20533236.0,+
GCF_040412425.1,Chr 8,NC_089752.1,89677at6656,108136080.0,108130754.0,-
GCF_040412425.1,Chr 6,NC_089753.1,89713at6656,27334343.0,27342587.0,+
GCF_040412425.1,Chr 10,NC_089749.1,89810at6656,20706013.0,20744232.0,+
GCF_040412425.1,Chr 14,NC_089784.1,89864at6656,29368465.0,29393714.0,+
GCF_040412425.1,Chr 25,NC_089766.1,90126at6656,15024723.0,14995264.0,-
GCF_040412425.1,Chr 33,NC_089782.1,90322at6656,17311522.0,17310185.0,-
GCF_040412425.1,Chr 24,NC_089791.1,90580at6656,7344065.0,7598545.0,+
GCF_040412425.1,Chr 31,NC_089741.1,90600at6656,42438969.0,42435747.0,-
GCF_040412425.1,Chr 41,NC_089775.1,90822at6656,3285424.0,3281839.0,-
GCF_040412425.1,Chr 42,NC_089786.1,90931at6656,15631297.0,15640721.0,+
GCF_040412425.1,Chr 1,NC_089743.1,91002at6656,32301254.0,32315531.0,+
GCF_040412425.1,Chr 18,NC_089759.1,91005at6656,22440429.0,22469603.0,+
GCF_040412425.1,Chr 9,NC_089788.1,91313at6656,62192609.0,62140734.0,-
GCF_040412425.1,Chr 43,NC_089779.1,91418at6656,20407833.0,20304180.0,-
GCF_040412425.1,Chr 23,NC_089761.1,91468at6656,60808312.0,60654155.0,-
GCF_040412425.1,Chr 56,NC_089764.1,91933at6656,22212829.0,22155006.0,-
GCF_040412425.1,Chr 12,NC_089785.1,91946at6656,19128121.0,19192716.0,+
GCF_040412425.1,Chr 15,NC_089745.1,92167at6656,16825154.0,16846479.0,+
GCF_040412425.1,Chr 5,NC_089754.1,92184at6656,38371840.0,38367191.0,-
GCF_040412425.1,Chr 11,NC_089746.1,92420at6656,65163208.0,65173848.0,+
GCF_040412425.1,Chr 1,NC_089743.1,92576at6656,91073830.0,91108871.0,+
GCF_040412425.1,Chr 16,NC_089777.1,92777at6656,17741526.0,17746111.0,+
GCF_040412425.1,Chr 56,NC_089764.1,92854at6656,31811832.0,31821226.0,+
GCF_040412425.1,Chr 13,NC_089748.1,93061at6656,32081285.0,32084529.0,+
GCF_040412425.1,Chr 37,NC_089762.1,93085at6656,42185952.0,42179803.0,-
GCF_040412425.1,Chr 30,NC_089783.1,93152at6656,48716887.0,48700386.0,-
GCF_040412425.1,Chr 16,NC_089777.1,93408at6656,27744899.0,27730794.0,-
GCF_040412425.1,Chr 4,NC_089744.1,93432at6656,42875306.0,42959067.0,+
GCF_040412425.1,Chr 14,NC_089784.1,93483at6656,5061315.0,5041728.0,-
GCF_040412425.1,Chr 1,NC_089743.1,93507at6656,48752649.0,48702670.0,-
GCF_040412425.1,Chr 6,NC_089753.1,93535at6656,22749780.0,22752960.0,+
GCF_040412425.1,Chr 54,NC_089771.1,93797at6656,14604962.0,14576925.0,-
GCF_040412425.1,Chr 24,NC_089791.1,94054at6656,13820898.0,13905795.0,+
GCF_040412425.1,Chr 15,NC_089745.1,94238at6656,30397636.0,30457505.0,+
GCF_040412425.1,Chr 11,NC_089746.1,94263at6656,24452748.0,24474917.0,+
GCF_040412425.1,Chr 34,NC_089767.1,94304at6656,6645361.0,6628088.0,-
GCF_040412425.1,Chr 23,NC_089761.1,94473at6656,66891100.0,66837541.0,-
GCF_040412425.1,Chr 25,NC_089766.1,94476at6656,7974987.0,7986999.0,+
GCF_040412425.1,Chr 29,NC_089760.1,94842at6656,17043064.0,17066584.0,+
GCF_040412425.1,Chr 5,NC_089754.1,94878at6656,38169039.0,38156348.0,-
GCF_040412425.1,Chr 32,NC_089794.1,95028at6656,27599940.0,27604352.0,+
GCF_040412425.1,Chr 22,NC_089742.1,95089at6656,46599641.0,46603436.0,+
GCF_040412425.1,Chr 47,NC_089799.1,95294at6656,9118095.0,9124440.0,+
GCF_040412425.1,Chr 37,NC_089762.1,95524at6656,15984720.0,16034488.0,+
GCF_040412425.1,Chr 36,NC_089758.1,96251at6656,13629808.0,13635116.0,+
GCF_040412425.1,Chr 42,NC_089786.1,96444at6656,49759227.0,49748839.0,-
GCF_040412425.1,Chr 39,NC_089789.1,96569at6656,37312234.0,37321426.0,+
GCF_040412425.1,Chr 16,NC_089777.1,96601at6656,40124406.0,40312685.0,+
GCF_040412425.1,Chr 22,NC_089742.1,96956at6656,28809159.0,28805260.0,-
GCF_040412425.1,Chr 2,NC_089750.1,96971at6656,75081309.0,75074367.0,-
GCF_040412425.1,Chr 3,NC_089795.1,97492at6656,41690440.0,41678904.0,-
GCF_040412425.1,Chr 46,NC_089776.1,97749at6656,9084697.0,9043619.0,-
GCF_040412425.1,Chr 26,NC_089780.1,97763at6656,27213005.0,27159606.0,-
GCF_040412425.1,Chr 10,NC_089749.1,97865at6656,44881300.0,44703338.0,-
GCF_040412425.1,Chr 10,NC_089749.1,98066at6656,53809272.0,53825126.0,+
GCF_040412425.1,Chr 2,NC_089750.1,98251at6656,68000754.0,68023799.0,+
GCF_040412425.1,Chr 10,NC_089749.1,98620at6656,58121041.0,58146086.0,+
GCF_040412425.1,Chr 19,NC_089790.1,98755at6656,6686290.0,6679130.0,-
GCF_040412425.1,Chr 7,NC_089763.1,98821at6656,20620677.0,20644973.0,+
GCF_040412425.1,Chr 28,NC_089755.1,98927at6656,52399404.0,52398535.0,-
GCF_040412425.1,Chr 8,NC_089752.1,98948at6656,4117207.0,4104806.0,-
GCF_040412425.1,Chr 38,NC_089781.1,99204at6656,34514250.0,34529353.0,+
GCF_040412425.1,Chr 6,NC_089753.1,99270at6656,36851741.0,36870353.0,+
GCF_040412425.1,Chr 48,NC_089787.1,99307at6656,23428003.0,23420439.0,-
GCF_040412425.1,Chr 6,NC_089753.1,99377at6656,54499251.0,54522098.0,+
GCF_040412425.1,Chr 10,NC_089749.1,99519at6656,56868933.0,56870674.0,+
GCF_040412425.1,Chr 6,NC_089753.1,99625at6656,57960397.0,57912066.0,-
GCF_040412425.1,Chr 3,NC_089795.1,99998at6656,33008694.0,33002834.0,-
GCF_040412425.1,Chr 12,NC_089785.1,100070at6656,23490186.0,23493498.0,+
GCF_040412425.1,Chr 18,NC_089759.1,100136at6656,3964699.0,3961243.0,-
GCF_040412425.1,Chr 15,NC_089745.1,100216at6656,6100933.0,6095994.0,-
GCF_040412425.1,Chr 30,NC_089783.1,100296at6656,43659859.0,43636992.0,-
GCF_040412425.1,Chr 30,NC_089783.1,100612at6656,33368812.0,33398420.0,+
GCF_040412425.1,Chr 30,NC_089783.1,100664at6656,22641017.0,22606846.0,-
GCF_040412425.1,Chr 35,NC_089751.1,100673at6656,1534483.0,1587233.0,+
GCF_040412425.1,Chr 44,NC_089793.1,100760at6656,11945823.0,11954245.0,+
GCF_040412425.1,Chr 24,NC_089791.1,101349at6656,18384092.0,18394263.0,+
GCF_040412425.1,Chr 41,NC_089775.1,101359at6656,2272961.0,2265824.0,-
GCF_040412425.1,Chr 19,NC_089790.1,101491at6656,8910278.0,8923890.0,+
GCF_040412425.1,Chr 26,NC_089780.1,101531at6656,5845835.0,5810298.0,-
GCF_040412425.1,Chr 55,NC_089797.1,101621at6656,10537899.0,10511995.0,-
GCF_040412425.1,Chr 49,NC_089773.1,101727at6656,6317236.0,6305380.0,-
GCF_040412425.1,Chr 47,NC_089799.1,101761at6656,18911571.0,18914152.0,+
GCF_040412425.1,Chr 20,NC_089796.1,101767at6656,19708686.0,19663749.0,-
GCF_040412425.1,Chr 29,NC_089760.1,101829at6656,40763569.0,40710856.0,-
GCF_040412425.1,Chr 5,NC_089754.1,101886at6656,25250419.0,25253354.0,+
GCF_040412425.1,Chr 46,NC_089776.1,102321at6656,7683452.0,7684149.0,+
GCF_040412425.1,Chr 50,NC_089757.1,102714at6656,37185337.0,37176744.0,-
GCF_040412425.1,Chr 4,NC_089744.1,102770at6656,77953650.0,77964159.0,+
GCF_040412425.1,Chr 16,NC_089777.1,103125at6656,7359136.0,7343943.0,-
GCF_040412425.1,Chr 8,NC_089752.1,103207at6656,49857795.0,49900317.0,+
GCF_040412425.1,Chr 2,NC_089750.1,103479at6656,60504567.0,60482533.0,-
GCF_040412425.1,Chr 4,NC_089744.1,103590at6656,3873809.0,3831013.0,-
GCF_040412425.1,Chr 52,NC_089772.1,103747at6656,6545160.0,6502806.0,-
GCF_040412425.1,Chr 1,NC_089743.1,103749at6656,30178695.0,30105490.0,-
GCF_040412425.1,Chr 9,NC_089788.1,103908at6656,4577854.0,4585399.0,+
GCF_040412425.1,Chr 42,NC_089786.1,103914at6656,49624925.0,49609449.0,-
GCF_040412425.1,Chr 26,NC_089780.1,104063at6656,28748783.0,28741896.0,-
GCF_040412425.1,Chr 13,NC_089748.1,104122at6656,52541752.0,52668543.0,+
GCF_040412425.1,Chr 47,NC_089799.1,104198at6656,38784572.0,38779601.0,-
GCF_040412425.1,Chr 1,NC_089743.1,104410at6656,10565839.0,10606885.0,+
GCF_040412425.1,Chr 7,NC_089763.1,104588at6656,42068804.0,42065545.0,-
GCF_040412425.1,Chr 25,NC_089766.1,104604at6656,47711655.0,47704119.0,-
GCF_040412425.1,Chr 3,NC_089795.1,105000at6656,74134094.0,74137036.0,+
GCF_040412425.1,Chr 30,NC_089783.1,105099at6656,34721040.0,34745846.0,+
GCF_040412425.1,Chr 10,NC_089749.1,105170at6656,36831356.0,36683793.0,-
GCF_040412425.1,Chr 6,NC_089753.1,105364at6656,28597462.0,28590679.0,-
GCF_040412425.1,Chr 38,NC_089781.1,105771at6656,16156268.0,16149332.0,-
GCF_040412425.1,Chr 14,NC_089784.1,106126at6656,9101204.0,9070870.0,-
GCF_040412425.1,Chr 6,NC_089753.1,106466at6656,48090495.0,48076201.0,-
GCF_040412425.1,Chr 12,NC_089785.1,106634at6656,32712554.0,32698545.0,-
GCF_040412425.1,Chr 52,NC_089772.1,106639at6656,1291968.0,1275864.0,-
GCF_040412425.1,Chr 35,NC_089751.1,106788at6656,28864055.0,28894132.0,+
GCF_040412425.1,Chr 42,NC_089786.1,106988at6656,2479490.0,2478351.0,-
GCF_040412425.1,Chr 36,NC_089758.1,107030at6656,10349224.0,10391761.0,+
GCF_040412425.1,Chr 19,NC_089790.1,107139at6656,4820818.0,4813712.0,-
GCF_040412425.1,Chr 36,NC_089758.1,107226at6656,12646044.0,12586338.0,-
GCF_040412425.1,Chr 52,NC_089772.1,107353at6656,10948576.0,10949610.0,+
GCF_040412425.1,Chr 14,NC_089784.1,107427at6656,28365869.0,28370466.0,+
GCF_040412425.1,Chr 15,NC_089745.1,107453at6656,25608898.0,25640099.0,+
GCF_040412425.1,Chr 35,NC_089751.1,107615at6656,5177414.0,5189805.0,+
GCF_040412425.1,Chr 40,NC_089765.1,107802at6656,24429253.0,24445737.0,+
GCF_040412425.1,Chr 42,NC_089786.1,107806at6656,2919628.0,2925056.0,+
GCF_040412425.1,Chr 16,NC_089777.1,107844at6656,5739995.0,5717253.0,-
GCF_040412425.1,Chr 36,NC_089758.1,108162at6656,5795814.0,5816685.0,+
GCF_040412425.1,Chr 8,NC_089752.1,108207at6656,5677043.0,5666530.0,-
GCF_040412425.1,Chr 2,NC_089750.1,108240at6656,77062052.0,77056773.0,-
GCF_040412425.1,Chr 14,NC_089784.1,108693at6656,9767306.0,9777912.0,+
GCF_040412425.1,Chr 27,NC_089768.1,108702at6656,8931099.0,8929095.0,-
GCF_040412425.1,Chr 21,NC_089756.1,108705at6656,27870027.0,27907222.0,+
GCF_040412425.1,Chr 16,NC_089777.1,108808at6656,13881036.0,13893010.0,+
GCF_040412425.1,Chr 31,NC_089741.1,109325at6656,42389899.0,42394291.0,+
GCF_040412425.1,Chr 2,NC_089750.1,109444at6656,61178663.0,61279095.0,+
GCF_040412425.1,Chr 13,NC_089748.1,109484at6656,71146699.0,71142179.0,-
GCF_040412425.1,Chr 25,NC_089766.1,109562at6656,50879475.0,50878303.0,-
GCF_040412425.1,Chr 22,NC_089742.1,109664at6656,53063509.0,52885690.0,-
GCF_040412425.1,Chr 6,NC_089753.1,109724at6656,37855861.0,37845719.0,-
GCF_040412425.1,Chr 3,NC_089795.1,109793at6656,49665556.0,49663462.0,-
GCF_040412425.1,Chr 9,NC_089788.1,109923at6656,62910997.0,62943066.0,+
GCF_040412425.1,Chr 37,NC_089762.1,110129at6656,46151933.0,46160343.0,+
GCF_040412425.1,Chr 3,NC_089795.1,110504at6656,53132361.0,53207110.0,+
GCF_040412425.1,Chr 20,NC_089796.1,110787at6656,7037257.0,7044458.0,+
GCF_040412425.1,Chr 10,NC_089749.1,110982at6656,10005532.0,10013891.0,+
GCF_040412425.1,Chr 28,NC_089755.1,111082at6656,52102100.0,52111557.0,+
GCF_040412425.1,Chr 12,NC_089785.1,111153at6656,33066174.0,33018885.0,-
GCF_040412425.1,Chr 2,NC_089750.1,111236at6656,5996137.0,5987662.0,-
GCF_040412425.1,Chr 32,NC_089794.1,111239at6656,3200620.0,3154947.0,-
GCF_040412425.1,Chr 21,NC_089756.1,111545at6656,38356552.0,38362287.0,+
GCF_040412425.1,Chr 41,NC_089775.1,112281at6656,1497992.0,1494348.0,-
GCF_040412425.1,Chr 17,NC_089747.1,112328at6656,11553291.0,11544063.0,-
GCF_040412425.1,Chr 37,NC_089762.1,112360at6656,15142011.0,15277498.0,+
GCF_040412425.1,Chr 14,NC_089784.1,112556at6656,1142203.0,1158883.0,+
GCF_040412425.1,Chr 36,NC_089758.1,112634at6656,30581368.0,30574224.0,-
GCF_040412425.1,Chr 25,NC_089766.1,112645at6656,4906415.0,4892427.0,-
GCF_040412425.1,Chr 28,NC_089755.1,112759at6656,45606329.0,45602846.0,-
GCF_040412425.1,Chr 50,NC_089757.1,113015at6656,39008911.0,38908496.0,-
GCF_040412425.1,Chr 14,NC_089784.1,113300at6656,18635770.0,18627795.0,-
GCF_040412425.1,Chr 8,NC_089752.1,113604at6656,71512344.0,71611120.0,+
GCF_040412425.1,Chr 2,NC_089750.1,113622at6656,75397058.0,75384985.0,-
GCF_040412425.1,Chr 54,NC_089771.1,113641at6656,32831971.0,32826274.0,-
GCF_040412425.1,Chr 47,NC_089799.1,113668at6656,25862728.0,25901603.0,+
GCF_040412425.1,Chr 4,NC_089744.1,113713at6656,21391028.0,21385751.0,-
GCF_040412425.1,Chr 9,NC_089788.1,113817at6656,8568453.0,8555635.0,-
GCF_040412425.1,Chr 39,NC_089789.1,113818at6656,19252228.0,19255503.0,+
GCF_040412425.1,Chr 5,NC_089754.1,113865at6656,39929993.0,39925737.0,-
GCF_040412425.1,Chr 27,NC_089768.1,113960at6656,8347776.0,8359049.0,+
GCF_040412425.1,Chr 8,NC_089752.1,114019at6656,100509967.0,100622300.0,+
GCF_040412425.1,Chr 23,NC_089761.1,114360at6656,53785641.0,53824546.0,+
GCF_040412425.1,Chr 38,NC_089781.1,114463at6656,74890857.0,74900315.0,+
GCF_040412425.1,Chr 40,NC_089765.1,114609at6656,25015383.0,25094458.0,+
GCF_040412425.1,Chr 38,NC_089781.1,114738at6656,10398462.0,10347640.0,-
GCF_040412425.1,Chr 8,NC_089752.1,114765at6656,17315610.0,17400680.0,+
GCF_040412425.1,Chr 39,NC_089789.1,115001at6656,37288860.0,37297602.0,+
GCF_040412425.1,Chr 24,NC_089791.1,115208at6656,47840641.0,47857216.0,+
GCF_040412425.1,Chr 5,NC_089754.1,115229at6656,27628396.0,27605124.0,-
GCF_040412425.1,Chr 1,NC_089743.1,115252at6656,69297107.0,69382866.0,+
GCF_040412425.1,Chr 22,NC_089742.1,115256at6656,34824599.0,34840234.0,+
GCF_040412425.1,Chr 19,NC_089790.1,115462at6656,19248879.0,19241229.0,-
GCF_040412425.1,Chr 9,NC_089788.1,115537at6656,52609584.0,52458127.0,-
GCF_040412425.1,Chr 20,NC_089796.1,115841at6656,57242816.0,57126596.0,-
GCF_040412425.1,Chr 13,NC_089748.1,115917at6656,67169789.0,67206026.0,+
GCF_040412425.1,Chr 31,NC_089741.1,116117at6656,35081067.0,35092111.0,+
GCF_040412425.1,Chr 17,NC_089747.1,116401at6656,34856657.0,34801917.0,-
GCF_040412425.1,Chr 6,NC_089753.1,116608at6656,6226408.0,6185626.0,-
GCF_040412425.1,Chr 2,NC_089750.1,116688at6656,74715557.0,74719170.0,+
GCF_040412425.1,Chr 5,NC_089754.1,116804at6656,38516935.0,38526195.0,+
GCF_040412425.1,Chr 31,NC_089741.1,116982at6656,38942468.0,38938025.0,-
GCF_040412425.1,Chr 57,NC_089774.1,117173at6656,1756696.0,1785115.0,+
GCF_040412425.1,Chr 56,NC_089764.1,117335at6656,32264982.0,32286013.0,+
GCF_040412425.1,Chr 3,NC_089795.1,117399at6656,20350876.0,20407439.0,+
GCF_040412425.1,Chr 29,NC_089760.1,117413at6656,36608217.0,36583355.0,-
GCF_040412425.1,Chr 42,NC_089786.1,117586at6656,54637131.0,54648081.0,+
GCF_040412425.1,Chr 22,NC_089742.1,117742at6656,70709015.0,70744781.0,+
GCF_040412425.1,Chr 31,NC_089741.1,117811at6656,2227860.0,2285647.0,+
GCF_040412425.1,Chr 22,NC_089742.1,117843at6656,38655011.0,38657066.0,+
GCF_040412425.1,Chr 8,NC_089752.1,117947at6656,117352230.0,117341247.0,-
GCF_040412425.1,Chr 6,NC_089753.1,118014at6656,31516146.0,31518718.0,+
GCF_040412425.1,Chr 12,NC_089785.1,118037at6656,26042601.0,26040200.0,-
GCF_040412425.1,Chr 24,NC_089791.1,118496at6656,72304757.0,72391581.0,+
GCF_040412425.1,Chr 2,NC_089750.1,118527at6656,6263170.0,6259951.0,-
GCF_040412425.1,Chr 54,NC_089771.1,118761at6656,25489956.0,25494191.0,+
GCF_040412425.1,Chr 31,NC_089741.1,118780at6656,59285059.0,59283899.0,-
GCF_040412425.1,Chr 26,NC_089780.1,118807at6656,21026453.0,21032679.0,+
GCF_040412425.1,Chr 5,NC_089754.1,118831at6656,41315119.0,41305102.0,-
GCF_040412425.1,Chr 34,NC_089767.1,118904at6656,3931026.0,3957170.0,+
GCF_040412425.1,Chr 48,NC_089787.1,119012at6656,40473819.0,40446199.0,-
GCF_040412425.1,Chr 3,NC_089795.1,119144at6656,65696012.0,65745904.0,+
GCF_040412425.1,Chr 35,NC_089751.1,119194at6656,23103869.0,23126523.0,+
GCF_040412425.1,Chr 33,NC_089782.1,119438at6656,15939952.0,16019107.0,+
GCF_040412425.1,Chr 11,NC_089746.1,119541at6656,29283422.0,29295074.0,+
GCF_040412425.1,Chr 11,NC_089746.1,119951at6656,19478270.0,19502127.0,+
GCF_040412425.1,Chr 10,NC_089749.1,120047at6656,55086383.0,55079997.0,-
GCF_040412425.1,Chr 18,NC_089759.1,120383at6656,27956965.0,27958933.0,+
GCF_040412425.1,Chr 24,NC_089791.1,120445at6656,50311363.0,50368874.0,+
GCF_040412425.1,Chr 29,NC_089760.1,120875at6656,3638941.0,3678823.0,+
GCF_040412425.1,Chr 23,NC_089761.1,120958at6656,21841670.0,21825820.0,-
GCF_040412425.1,Chr 21,NC_089756.1,121002at6656,2360184.0,2605784.0,+
GCF_040412425.1,Chr 1,NC_089743.1,121220at6656,57021028.0,57020285.0,-
GCF_040412425.1,Chr 38,NC_089781.1,121530at6656,74921671.0,74920355.0,-
GCF_040412425.1,Chr 9,NC_089788.1,121558at6656,13972396.0,13946263.0,-
GCF_040412425.1,Chr 24,NC_089791.1,121894at6656,66436550.0,66709533.0,+
GCF_040412425.1,Chr 16,NC_089777.1,122526at6656,38654804.0,38631499.0,-
GCF_040412425.1,Chr 24,NC_089791.1,122665at6656,16027984.0,16059355.0,+
GCF_040412425.1,Chr 47,NC_089799.1,122816at6656,8145916.0,8152340.0,+
GCF_040412425.1,Chr 50,NC_089757.1,123035at6656,37387149.0,37386487.0,-
GCF_040412425.1,Chr 37,NC_089762.1,123320at6656,5018741.0,5047328.0,+
GCF_040412425.1,Chr 31,NC_089741.1,123409at6656,37643778.0,37638361.0,-
GCF_040412425.1,Chr 27,NC_089768.1,123631at6656,70246.0,129754.0,+
GCF_040412425.1,Chr 39,NC_089789.1,123672at6656,29012310.0,28994833.0,-
GCF_040412425.1,Chr 44,NC_089793.1,123790at6656,8458607.0,8554367.0,+
GCF_040412425.1,Chr 15,NC_089745.1,123853at6656,4179814.0,4194177.0,+
GCF_040412425.1,Chr 10,NC_089749.1,124174at6656,10939380.0,10945024.0,+
GCF_040412425.1,Chr 27,NC_089768.1,124282at6656,31211383.0,31214032.0,+
GCF_040412425.1,Chr 22,NC_089742.1,124400at6656,73920797.0,73880111.0,-
GCF_040412425.1,Chr 6,NC_089753.1,124452at6656,43421124.0,43415310.0,-
GCF_040412425.1,Chr 40,NC_089765.1,124707at6656,15025080.0,15030540.0,+
GCF_040412425.1,Chr 22,NC_089742.1,124720at6656,75153172.0,75084431.0,-
GCF_040412425.1,Chr 48,NC_089787.1,124730at6656,24319715.0,24317052.0,-
GCF_040412425.1,Chr 41,NC_089775.1,124981at6656,3507470.0,3514117.0,+
GCF_040412425.1,Chr 29,NC_089760.1,125100at6656,35644243.0,35650225.0,+
GCF_040412425.1,Chr 12,NC_089785.1,125127at6656,29467556.0,29477620.0,+
GCF_040412425.1,Chr 10,NC_089749.1,125210at6656,44887912.0,44914621.0,+
GCF_040412425.1,Chr 12,NC_089785.1,125234at6656,33240354.0,33231847.0,-
GCF_040412425.1,Chr 9,NC_089788.1,125238at6656,74618142.0,74623133.0,+
GCF_040412425.1,Chr 2,NC_089750.1,125414at6656,76191348.0,76186098.0,-
GCF_040412425.1,Chr 31,NC_089741.1,125446at6656,42769558.0,42761531.0,-
GCF_040412425.1,Chr 19,NC_089790.1,125452at6656,13392191.0,13390611.0,-
GCF_040412425.1,Chr 23,NC_089761.1,126074at6656,34116095.0,34107601.0,-
GCF_040412425.1,Chr 18,NC_089759.1,126225at6656,24186050.0,24186538.0,+
GCF_040412425.1,Chr 20,NC_089796.1,126442at6656,22525751.0,22543079.0,+
GCF_040412425.1,Chr 37,NC_089762.1,126483at6656,128967.0,141435.0,+
GCF_040412425.1,Chr 44,NC_089793.1,126733at6656,3784714.0,3790325.0,+
GCF_040412425.1,Chr 19,NC_089790.1,127511at6656,3099655.0,3103741.0,+
GCF_040412425.1,Chr 55,NC_089797.1,127602at6656,12557711.0,12562534.0,+
GCF_040412425.1,Chr 33,NC_089782.1,127649at6656,25363741.0,25357533.0,-
GCF_040412425.1,Chr 19,NC_089790.1,127661at6656,6894290.0,6885441.0,-
GCF_040412425.1,Chr 9,NC_089788.1,127775at6656,4627831.0,4630950.0,+
GCF_040412425.1,Chr 20,NC_089796.1,127998at6656,12435886.0,12433239.0,-
GCF_040412425.1,Chr 20,NC_089796.1,128030at6656,69050.0,72655.0,+
GCF_040412425.1,Chr 12,NC_089785.1,128188at6656,34280883.0,34244890.0,-
GCF_040412425.1,Chr 10,NC_089749.1,128216at6656,19044400.0,19033503.0,-
GCF_040412425.1,Chr 37,NC_089762.1,128331at6656,12597552.0,12719545.0,+
GCF_040412425.1,Chr 21,NC_089756.1,128464at6656,45012213.0,45017382.0,+
GCF_040412425.1,Chr 40,NC_089765.1,128916at6656,28147178.0,28162828.0,+
GCF_040412425.1,Chr 29,NC_089760.1,129077at6656,37934307.0,37942666.0,+
GCF_040412425.1,Chr 44,NC_089793.1,129131at6656,8418146.0,8413653.0,-
GCF_040412425.1,Chr 20,NC_089796.1,129200at6656,6060381.0,6072451.0,+
GCF_040412425.1,Chr 10,NC_089749.1,129593at6656,56058642.0,56077103.0,+
GCF_040412425.1,Chr 4,NC_089744.1,129618at6656,49051074.0,49009416.0,-
GCF_040412425.1,Chr 17,NC_089747.1,129675at6656,2295431.0,2288943.0,-
GCF_040412425.1,Chr 2,NC_089750.1,129886at6656,63932638.0,63946922.0,+
GCF_040412425.1,Chr 35,NC_089751.1,129902at6656,24460678.0,24482370.0,+
GCF_040412425.1,Chr 19,NC_089790.1,129989at6656,3135191.0,3129830.0,-
GCF_040412425.1,Chr 19,NC_089790.1,130105at6656,19220238.0,19219515.0,-
GCF_040412425.1,Chr 19,NC_089790.1,130126at6656,19174838.0,19174125.0,-
GCF_040412425.1,Chr 17,NC_089747.1,130176at6656,3198364.0,3194420.0,-
GCF_040412425.1,Chr 32,NC_089794.1,130363at6656,32660391.0,32635786.0,-
GCF_040412425.1,Chr 2,NC_089750.1,130514at6656,4992582.0,4983222.0,-
GCF_040412425.1,Chr 31,NC_089741.1,130563at6656,42401358.0,42407658.0,+
GCF_040412425.1,Chr 26,NC_089780.1,130663at6656,15463698.0,15461570.0,-
GCF_040412425.1,Chr 5,NC_089754.1,130825at6656,39818898.0,39825265.0,+
GCF_040412425.1,Chr 36,NC_089758.1,130923at6656,29840972.0,29835733.0,-
GCF_040412425.1,Chr 40,NC_089765.1,131276at6656,24496332.0,24495148.0,-
GCF_040412425.1,Chr 50,NC_089757.1,131495at6656,38265153.0,38336441.0,+
GCF_040412425.1,Chr 29,NC_089760.1,131516at6656,36563067.0,36539281.0,-
GCF_040412425.1,Chr 22,NC_089742.1,131588at6656,71124046.0,71145377.0,+
GCF_040412425.1,Chr 13,NC_089748.1,131642at6656,85291019.0,85343975.0,+
GCF_040412425.1,Chr 2,NC_089750.1,131668at6656,66251537.0,66244861.0,-
GCF_040412425.1,Chr 21,NC_089756.1,131720at6656,28694986.0,28687690.0,-
GCF_040412425.1,Chr 16,NC_089777.1,131751at6656,27892453.0,27910633.0,+
GCF_040412425.1,Chr 44,NC_089793.1,131921at6656,11585633.0,11582343.0,-
GCF_040412425.1,Chr 29,NC_089760.1,132329at6656,15535312.0,15512434.0,-
GCF_040412425.1,Chr 42,NC_089786.1,132340at6656,10825708.0,10836414.0,+
GCF_040412425.1,Chr 28,NC_089755.1,132441at6656,45899925.0,45874221.0,-
GCF_040412425.1,Chr 5,NC_089754.1,132495at6656,56393494.0,56403694.0,+
GCF_040412425.1,Chr 24,NC_089791.1,133015at6656,50793736.0,50791601.0,-
GCF_040412425.1,Chr 27,NC_089768.1,133329at6656,32307605.0,32307156.0,-
GCF_040412425.1,Chr 26,NC_089780.1,133362at6656,10222706.0,10219405.0,-
GCF_040412425.1,Chr 24,NC_089791.1,133422at6656,64787467.0,64848131.0,+
GCF_040412425.1,Chr 20,NC_089796.1,133603at6656,6050080.0,6044441.0,-
GCF_040412425.1,Chr 13,NC_089748.1,133735at6656,48396988.0,48389150.0,-
GCF_040412425.1,Chr 4,NC_089744.1,133949at6656,67094121.0,67079444.0,-
GCF_040412425.1,Chr 1,NC_089743.1,134073at6656,32578582.0,32536857.0,-
GCF_040412425.1,Chr 24,NC_089791.1,134209at6656,24151673.0,24179366.0,+
GCF_040412425.1,Chr 29,NC_089760.1,134216at6656,40572341.0,40579182.0,+
GCF_040412425.1,Chr 9,NC_089788.1,134673at6656,70304951.0,70313042.0,+
GCF_040412425.1,Chr 6,NC_089753.1,134708at6656,38461522.0,38452820.0,-
GCF_040412425.1,Chr 15,NC_089745.1,134776at6656,10001767.0,10064529.0,+
GCF_040412425.1,Chr 50,NC_089757.1,134853at6656,6775451.0,6759526.0,-
GCF_040412425.1,Chr 5,NC_089754.1,134865at6656,46812723.0,46819153.0,+
GCF_040412425.1,Chr 43,NC_089779.1,134885at6656,17515243.0,17519923.0,+
GCF_040412425.1,Chr 14,NC_089784.1,135065at6656,35694816.0,35755757.0,+
GCF_040412425.1,Chr 57,NC_089774.1,135075at6656,6663640.0,6655360.0,-
GCF_040412425.1,Chr 24,NC_089791.1,135107at6656,18509609.0,18476333.0,-
GCF_040412425.1,Chr 12,NC_089785.1,135123at6656,29717708.0,29710551.0,-
GCF_040412425.1,Chr 15,NC_089745.1,135203at6656,57635308.0,57630515.0,-
GCF_040412425.1,Chr 21,NC_089756.1,135204at6656,52160878.0,52178826.0,+
GCF_040412425.1,Chr 18,NC_089759.1,135215at6656,16154816.0,16159540.0,+
GCF_040412425.1,Chr 2,NC_089750.1,135357at6656,42289282.0,42441320.0,+
GCF_040412425.1,Chr 16,NC_089777.1,135373at6656,19381456.0,19386206.0,+
GCF_040412425.1,Chr 16,NC_089777.1,135391at6656,5911793.0,5912611.0,+
GCF_040412425.1,Chr 34,NC_089767.1,135526at6656,33929163.0,33924970.0,-
GCF_040412425.1,Chr 15,NC_089745.1,135676at6656,54188259.0,54182245.0,-
GCF_040412425.1,Chr 29,NC_089760.1,135690at6656,5360443.0,5377698.0,+
GCF_040412425.1,Chr 21,NC_089756.1,135764at6656,52103744.0,52119072.0,+
GCF_040412425.1,Chr 47,NC_089799.1,135828at6656,38211371.0,38195784.0,-
GCF_040412425.1,Chr 51,NC_089792.1,135834at6656,35223077.0,35138345.0,-
GCF_040412425.1,Chr 7,NC_089763.1,135859at6656,12418973.0,12384667.0,-
GCF_040412425.1,Chr 14,NC_089784.1,135975at6656,23198017.0,23190156.0,-
GCF_040412425.1,Chr 9,NC_089788.1,135994at6656,1584687.0,1586978.0,+
GCF_040412425.1,Chr 8,NC_089752.1,136055at6656,117331427.0,117333989.0,+
GCF_040412425.1,Chr 3,NC_089795.1,136119at6656,32427656.0,32492662.0,+
GCF_040412425.1,Chr 6,NC_089753.1,136224at6656,18601721.0,18725883.0,+
GCF_040412425.1,Chr 34,NC_089767.1,136559at6656,4295127.0,4302546.0,+
GCF_040412425.1,Chr 41,NC_089775.1,136888at6656,1552189.0,1550198.0,-
GCF_040412425.1,Chr 55,NC_089797.1,137050at6656,12389649.0,12390368.0,+
GCF_040412425.1,Chr 32,NC_089794.1,137197at6656,40996030.0,41022377.0,+
GCF_040412425.1,Chr 28,NC_089755.1,137202at6656,40114281.0,40101559.0,-
GCF_040412425.1,Chr 34,NC_089767.1,137334at6656,21346275.0,21317467.0,-
GCF_040412425.1,Chr 49,NC_089773.1,137338at6656,5062004.0,5056050.0,-
GCF_040412425.1,Chr 52,NC_089772.1,137422at6656,11578574.0,11569604.0,-
GCF_040412425.1,Chr 2,NC_089750.1,137609at6656,61029578.0,61028616.0,-
GCF_040412425.1,Chr 3,NC_089795.1,137709at6656,70788999.0,70790150.0,+
GCF_040412425.1,Chr 30,NC_089783.1,137711at6656,14933102.0,14923097.0,-
GCF_040412425.1,Chr 8,NC_089752.1,138243at6656,12183520.0,12171378.0,-
GCF_040412425.1,Chr 34,NC_089767.1,138271at6656,30411941.0,30409083.0,-
GCF_040412425.1,Chr 34,NC_089767.1,138401at6656,34145627.0,34143154.0,-
GCF_040412425.1,Chr 16,NC_089777.1,138502at6656,37248112.0,37248906.0,+
GCF_040412425.1,Chr 16,NC_089777.1,138553at6656,17756504.0,17754052.0,-
GCF_040412425.1,Chr 40,NC_089765.1,138659at6656,4829904.0,4763790.0,-
GCF_040412425.1,Chr 16,NC_089777.1,138684at6656,40357181.0,40315964.0,-
GCF_040412425.1,Chr 45,NC_089770.1,138937at6656,4255940.0,4254373.0,-
GCF_040412425.1,Chr 39,NC_089789.1,139217at6656,40952734.0,40952102.0,-
GCF_040412425.1,Chr 36,NC_089758.1,139553at6656,6072188.0,6084997.0,+
GCF_040412425.1,Chr 20,NC_089796.1,139638at6656,22290658.0,22290149.0,-
GCF_040412425.1,Chr 3,NC_089795.1,139744at6656,59726004.0,59703490.0,-
GCF_040412425.1,Chr 13,NC_089748.1,139834at6656,42476615.0,42485038.0,+
GCF_040412425.1,Chr 30,NC_089783.1,140076at6656,26705346.0,26715974.0,+
GCF_040412425.1,Chr 11,NC_089746.1,140197at6656,14442655.0,14451550.0,+
GCF_040412425.1,Chr 23,NC_089761.1,140198at6656,41506376.0,41495467.0,-
GCF_040412425.1,Chr 28,NC_089755.1,140403at6656,33136856.0,33159296.0,+
GCF_040412425.1,Chr 25,NC_089766.1,140461at6656,8776306.0,8770322.0,-
GCF_040412425.1,Chr 7,NC_089763.1,140693at6656,30052786.0,30045145.0,-
GCF_040412425.1,Chr 19,NC_089790.1,140874at6656,21434373.0,21431048.0,-
GCF_040412425.1,Chr 34,NC_089767.1,140903at6656,41769847.0,41774191.0,+
GCF_040412425.1,Chr 23,NC_089761.1,141163at6656,47774006.0,47763896.0,-
GCF_040412425.1,Chr 17,NC_089747.1,141166at6656,26510056.0,26410563.0,-
GCF_040412425.1,Chr 22,NC_089742.1,141175at6656,48898958.0,48913842.0,+
GCF_040412425.1,Chr 12,NC_089785.1,141298at6656,19518134.0,19524886.0,+
GCF_040412425.1,Chr 13,NC_089748.1,141859at6656,40121853.0,40117498.0,-
GCF_040412425.1,Chr 23,NC_089761.1,141916at6656,37637896.0,37634453.0,-
GCF_040412425.1,Chr 1,NC_089743.1,142388at6656,46770358.0,46862874.0,+
GCF_040412425.1,Chr 28,NC_089755.1,142415at6656,32511864.0,32501088.0,-
GCF_040412425.1,Chr 6,NC_089753.1,142522at6656,25141790.0,25138241.0,-
GCF_040412425.1,Chr 7,NC_089763.1,142613at6656,51996986.0,51993235.0,-
GCF_040412425.1,Chr 20,NC_089796.1,142833at6656,25274903.0,25299820.0,+
GCF_040412425.1,Chr 3,NC_089795.1,143154at6656,83123716.0,83123012.0,-
GCF_040412425.1,Chr 23,NC_089761.1,143279at6656,17284443.0,17283860.0,-
GCF_040412425.1,Chr 21,NC_089756.1,143489at6656,38591586.0,38588340.0,-
GCF_040412425.1,Chr 2,NC_089750.1,143626at6656,14414922.0,14406540.0,-
GCF_040412425.1,Chr 1,NC_089743.1,143709at6656,4192878.0,4154309.0,-
GCF_040412425.1,Chr 15,NC_089745.1,143930at6656,16383186.0,16378142.0,-
GCF_040412425.1,Chr 43,NC_089779.1,144337at6656,8114887.0,8106691.0,-
GCF_040412425.1,Chr 13,NC_089748.1,144652at6656,71770422.0,71739347.0,-
GCF_040412425.1,Chr 48,NC_089787.1,144836at6656,30472116.0,30474734.0,+
GCF_040412425.1,Chr 37,NC_089762.1,144851at6656,1532919.0,1549848.0,+
GCF_040412425.1,Chr 3,NC_089795.1,145033at6656,50590777.0,50606722.0,+
GCF_040412425.1,Chr 47,NC_089799.1,145102at6656,29433498.0,29454337.0,+
GCF_040412425.1,Chr 13,NC_089748.1,145443at6656,48663939.0,48657729.0,-
GCF_040412425.1,Chr 23,NC_089761.1,145610at6656,23508519.0,23484776.0,-
GCF_040412425.1,Chr 54,NC_089771.1,145811at6656,14313236.0,14345185.0,+
GCF_040412425.1,Chr 12,NC_089785.1,145996at6656,33570435.0,33579541.0,+
GCF_040412425.1,Chr 35,NC_089751.1,146007at6656,4760106.0,4721420.0,-
GCF_040412425.1,Chr 21,NC_089756.1,146036at6656,3045257.0,3045940.0,+
GCF_040412425.1,Chr 40,NC_089765.1,146087at6656,9698063.0,9712990.0,+
GCF_040412425.1,Chr 6,NC_089753.1,146102at6656,28543619.0,28548388.0,+
GCF_040412425.1,Chr 44,NC_089793.1,146103at6656,16268582.0,16272615.0,+
GCF_040412425.1,Chr 35,NC_089751.1,146383at6656,46439669.0,46433398.0,-
GCF_040412425.1,Chr 1,NC_089743.1,146600at6656,92021273.0,92007582.0,-
GCF_040412425.1,Chr 25,NC_089766.1,146920at6656,8742198.0,8740323.0,-
GCF_040412425.1,Chr 12,NC_089785.1,147002at6656,32202993.0,32214474.0,+
GCF_040412425.1,Chr 45,NC_089770.1,147322at6656,10910030.0,10907692.0,-
GCF_040412425.1,Chr 24,NC_089791.1,147657at6656,32520539.0,32524949.0,+
GCF_040412425.1,Chr 9,NC_089788.1,147723at6656,10254779.0,10252504.0,-
GCF_040412425.1,Chr 4,NC_089744.1,147852at6656,66540463.0,66576352.0,+
GCF_040412425.1,Chr 10,NC_089749.1,147980at6656,34613123.0,34547373.0,-
GCF_040412425.1,Chr 19,NC_089790.1,148134at6656,14856264.0,14849758.0,-
GCF_040412425.1,Chr 3,NC_089795.1,148619at6656,53422278.0,53423247.0,+
GCF_040412425.1,Chr 14,NC_089784.1,148713at6656,36027252.0,36026755.0,-
GCF_040412425.1,Chr 11,NC_089746.1,148851at6656,21079551.0,21087646.0,+
GCF_040412425.1,Chr 24,NC_089791.1,148890at6656,70867426.0,70877888.0,+
GCF_040412425.1,Chr 11,NC_089746.1,149101at6656,55281654.0,55294745.0,+
GCF_040412425.1,Chr 57,NC_089774.1,149126at6656,4181788.0,4194824.0,+
GCF_040412425.1,Chr 5,NC_089754.1,149251at6656,45622384.0,45627741.0,+
GCF_040412425.1,Chr 8,NC_089752.1,149405at6656,2623381.0,2616028.0,-
GCF_040412425.1,Chr 11,NC_089746.1,149753at6656,9107563.0,9129988.0,+
GCF_040412425.1,Chr 51,NC_089792.1,149796at6656,9711214.0,9698208.0,-
GCF_040412425.1,Chr 22,NC_089742.1,149819at6656,55335786.0,55339772.0,+
GCF_040412425.1,Chr 33,NC_089782.1,149973at6656,23570208.0,23571574.0,+
GCF_040412425.1,Chr 49,NC_089773.1,149977at6656,13770009.0,13772114.0,+
GCF_040412425.1,Chr 9,NC_089788.1,150005at6656,58810612.0,58831342.0,+
GCF_040412425.1,Chr 25,NC_089766.1,150049at6656,51775638.0,51769727.0,-
GCF_040412425.1,Chr 26,NC_089780.1,150137at6656,23868849.0,23860339.0,-
GCF_040412425.1,Chr 54,NC_089771.1,150182at6656,33264637.0,33268434.0,+
GCF_040412425.1,Chr 1,NC_089743.1,150327at6656,90911692.0,90907840.0,-
GCF_040412425.1,Chr 40,NC_089765.1,150479at6656,18308505.0,18302206.0,-
GCF_040412425.1,Chr 32,NC_089794.1,150583at6656,21272590.0,21274511.0,+
GCF_040412425.1,Chr 28,NC_089755.1,150585at6656,59069782.0,59066958.0,-
GCF_040412425.1,Chr 35,NC_089751.1,150667at6656,5202990.0,5198492.0,-
GCF_040412425.1,Chr 54,NC_089771.1,150765at6656,24774621.0,24777844.0,+
GCF_040412425.1,Chr 28,NC_089755.1,151102at6656,53437335.0,53434524.0,-
GCF_040412425.1,Chr 5,NC_089754.1,151111at6656,55579552.0,55579067.0,-
GCF_040412425.1,Chr 26,NC_089780.1,151114at6656,15800948.0,15805765.0,+
GCF_040412425.1,Chr 50,NC_089757.1,151393at6656,6127358.0,6125544.0,-
GCF_040412425.1,Chr 11,NC_089746.1,151642at6656,24716525.0,24705791.0,-
GCF_040412425.1,Chr 24,NC_089791.1,152109at6656,20291827.0,20308453.0,+
GCF_040412425.1,Chr 53,NC_089769.1,152402at6656,13753880.0,13739335.0,-
GCF_040412425.1,Chr 14,NC_089784.1,152871at6656,22936657.0,22936249.0,-
GCF_040412425.1,Chr 19,NC_089790.1,153155at6656,25267001.0,25238753.0,-
GCF_040412425.1,Chr 28,NC_089755.1,153232at6656,57058471.0,57056639.0,-
GCF_040412425.1,Chr 7,NC_089763.1,153312at6656,40190794.0,40165904.0,-
GCF_040412425.1,Chr 38,NC_089781.1,153534at6656,16673119.0,16664513.0,-
GCF_040412425.1,Chr 30,NC_089783.1,153693at6656,22664627.0,22672032.0,+
GCF_040412425.1,Chr 13,NC_089748.1,154133at6656,84898588.0,84806986.0,-
GCF_040412425.1,Chr 36,NC_089758.1,154415at6656,3460413.0,3472227.0,+
GCF_040412425.1,Chr 1,NC_089743.1,154507at6656,7923946.0,7974271.0,+
GCF_040412425.1,Chr 4,NC_089744.1,155285at6656,66703503.0,66699818.0,-
GCF_040412425.1,Chr 1,NC_089743.1,156057at6656,80905588.0,80913453.0,+
GCF_040412425.1,Chr 22,NC_089742.1,156081at6656,52595184.0,52596438.0,+
GCF_040412425.1,Chr 27,NC_089768.1,156111at6656,17054113.0,17044796.0,-
GCF_040412425.1,Chr 35,NC_089751.1,156305at6656,28068244.0,28074987.0,+
GCF_040412425.1,Chr 1,NC_089743.1,156395at6656,47074730.0,47053670.0,-
GCF_040412425.1,Chr 8,NC_089752.1,156728at6656,58332538.0,58337924.0,+
GCF_040412425.1,Chr 27,NC_089768.1,156824at6656,20136974.0,20142102.0,+
GCF_040412425.1,Chr 2,NC_089750.1,156882at6656,60386118.0,60398898.0,+
GCF_040412425.1,Chr 36,NC_089758.1,156975at6656,13168972.0,13167959.0,-
GCF_040412425.1,Chr 17,NC_089747.1,157486at6656,4301732.0,4303886.0,+
GCF_040412425.1,Chr 43,NC_089779.1,157851at6656,17510420.0,17509727.0,-
GCF_040412425.1,Chr 7,NC_089763.1,157879at6656,31649475.0,31646943.0,-
GCF_040412425.1,Chr 16,NC_089777.1,158194at6656,17798529.0,17802336.0,+
GCF_040412425.1,Chr 35,NC_089751.1,159231at6656,13192359.0,13194988.0,+
GCF_040412425.1,Chr 9,NC_089788.1,159420at6656,10264303.0,10276731.0,+
GCF_040412425.1,Chr 40,NC_089765.1,159542at6656,30524179.0,30526794.0,+
GCF_040412425.1,Chr 6,NC_089753.1,160675at6656,19001856.0,18991645.0,-
GCF_040412425.1,Chr 51,NC_089792.1,161435at6656,16767687.0,16789310.0,+
GCF_040412425.1,Chr 42,NC_089786.1,162147at6656,54357038.0,54357778.0,+
GCF_040412425.1,Chr 10,NC_089749.1,162594at6656,13005071.0,13005662.0,+
GCF_040412425.1,Chr 23,NC_089761.1,162628at6656,34614961.0,34609353.0,-
GCF_040412425.1,Chr 43,NC_089779.1,162841at6656,9592805.0,9568937.0,-
GCF_040412425.1,Chr 27,NC_089768.1,163670at6656,32292258.0,32299243.0,+
GCF_040412425.1,Chr 2,NC_089750.1,163896at6656,66277096.0,66265665.0,-
GCF_040412425.1,Chr 14,NC_089784.1,164354at6656,26556738.0,26560579.0,+
GCF_040412425.1,Chr 38,NC_089781.1,164512at6656,1764390.0,1753467.0,-
GCF_040412425.1,Chr 23,NC_089761.1,165207at6656,21730144.0,21736381.0,+
GCF_040412425.1,Chr 3,NC_089795.1,165493at6656,86150053.0,86153397.0,+
GCF_040412425.1,Chr 31,NC_089741.1,166476at6656,49237289.0,49231615.0,-
GCF_040412425.1,Chr 15,NC_089745.1,166479at6656,52669926.0,52680726.0,+
GCF_040412425.1,Chr 41,NC_089775.1,166485at6656,4247807.0,4246013.0,-
